,molecule_chembl_id,canonical_smiles,bioactivity_class,MW,LogP,NumHDonors,NumHAcceptors,pIC50
0,CHEMBL217926,O=C(Nc1ccccc1)C1CC(=O)N(C2CCCCC2)C1,inactive,286.375,2.8063,1,2,4.972242795
1,CHEMBL216547,O=C(Nc1ccccc1Br)C1CC(=O)N(C2CCCCC2)C1,inactive,365.271,3.5688,1,2,4
2,CHEMBL213720,O=C(Nc1ccc2c(c1)OCCO2)C1CC(=O)N(C2CCCCC2)C1,inactive,344.411,2.5775,1,4,4
3,CHEMBL217274,Cc1cccc(C)c1NC(=O)C1CC(=O)N(C2CCCCC2)C1,inactive,314.429,3.42314,1,2,4
4,CHEMBL217773,O=C(Nc1ccc(Oc2ccccc2)cc1)C1CC(=O)N(C2CCCCC2)C1,inactive,378.472,4.5986,1,3,4
5,CHEMBL217273,CCOc1ccc(NC(=O)C2CC(=O)N(C3CCCCC3)C2)cc1,inactive,330.428,3.205,1,3,4
6,CHEMBL216781,CC(=O)Nc1cccc(NC(=O)C2CC(=O)N(C3CCCCC3)C2)c1,inactive,343.427,2.7647,2,3,4.124938737
7,CHEMBL265016,O=C(Nc1ccc(Cl)cc1)C1CC(=O)N(C2CCCCC2)C1,inactive,320.82,3.4597,1,2,4
8,CHEMBL217524,O=C(Nc1ccc(F)c(Cl)c1)C1CC(=O)N(C2CCCCC2)C1,inactive,338.81,3.5988,1,2,4.828858849
9,CHEMBL384149,COc1ccc(Cl)cc1NC(=O)C1CC(=O)N(C2CCCCC2)C1,active,350.846,3.4683,1,3,5.795880017
10,CHEMBL216339,O=C(Nc1cc(C(F)(F)F)cc(C(F)(F)F)c1)C1CC(=O)N(C2CCCCC2)C1,active,422.369,4.8439,1,2,5.435333936
11,CHEMBL216704,COc1cc(NC(=O)C2CC(=O)N(C3CCCCC3)C2)cc(C(F)(F)F)c1,inactive,384.398,3.8337,1,3,5.886056648
12,CHEMBL386324,O=C(Nc1cc(Br)cc(C(F)(F)F)c1)C1CC(=O)N(C2CCCCC2)C1,inactive,433.268,4.5876,1,2,6.070581074
13,CHEMBL216807,O=C(Nc1cc(Cl)cc(Cl)c1)C1CC(=O)N(C2CCCCC2)C1,inactive,355.265,4.1131,1,2,6.408935393
14,CHEMBL385294,O=C(Nc1cc(F)cc(F)c1)C1CC(=O)N(C2CCCCC2)C1,inactive,322.355,3.0845,1,2,5.826813732
15,CHEMBL217617,Cc1cc([N+](=O)[O-])ccc1NC(=O)C1CC(=O)N(C2CCCCC2)C1,active,345.399,3.02292,1,4,4.503485481
16,CHEMBL444361,Cc1c(Cl)cccc1NC(=O)C1CC(=O)N(C2CCCCC2)C1,inactive,334.847,3.76812,1,2,4.63601217
17,CHEMBL387186,Cc1cc(C)cc(NC(=O)C2CC(=O)N(C3CCCCC3)C2)c1,inactive,314.429,3.42314,1,2,5.503070352
18,CHEMBL216887,Cc1ccc(C)c(NC(=O)C2CC(=O)N(C3CCCCC3)C2)c1,inactive,314.429,3.42314,1,2,4.997833938
19,CHEMBL216748,Cc1cc(NC(=O)C2CC(=O)N(C3CCCCC3)C2)ccc1Br,inactive,379.298,3.87722,1,2,4.427012292
20,CHEMBL425259,Cc1ccc(Cl)cc1NC(=O)C1CC(=O)N(C2CCCCC2)C1,inactive,334.847,3.76812,1,2,6.013228266
21,CHEMBL215081,O=C(Nc1cc(Cl)ccc1Cl)C1CC(=O)N(C2CCCCC2)C1,inactive,355.265,4.1131,1,2,4.247951552
22,CHEMBL217144,O=C(Nc1ccc(Cl)cc1Cl)C1CC(=O)N(C2CCCCC2)C1,inactive,355.265,4.1131,1,2,4.251656896
23,CHEMBL217272,CC(=O)c1ccc(NC(=O)C2CC(=O)N(C3CCCCC3)C2)cc1,inactive,328.412,3.0089,1,3,4.133240217
24,CHEMBL426150,CC(=O)Nc1ccc(NC(=O)C2CC(=O)N(C3CCCCC3)C2)cc1,active,343.427,2.7647,2,3,4
25,CHEMBL387284,CC(C)c1cccc(NC(=O)C2CC(=O)N(C3CCCCC3)C2)c1,inactive,328.456,3.9297,1,2,5.255707017
26,CHEMBL216786,O=C(Nc1cccc([N+](=O)[O-])c1)C1CC(=O)N(C2CCCCC2)C1,active,331.372,2.7145,1,4,4.97510404
27,CHEMBL411394,O=C(Nc1cccc(C(F)(F)F)c1)C1CC(=O)N(C2CCCCC2)C1,active,354.372,3.8251,1,2,5.454692884
28,CHEMBL214484,Cc1cccc(NC(=O)C2CC(=O)N(C3CCCCC3)C2)c1,active,300.402,3.11472,1,2,4.774949304
29,CHEMBL386252,O=C(Nc1ccc(I)cc1)C1CC(=O)N(C2CCCCC2)C1,inactive,412.271,3.4109,1,2,4.838631998
30,CHEMBL217588,O=C(Nc1cccc(Cl)c1)C1CC(=O)N(C2CCCCC2)C1,inactive,320.82,3.4597,1,2,5.869666232
31,CHEMBL439530,O=C(Nc1ccc(Br)cc1)C1CC(=O)N(C2CCCCC2)C1,inactive,365.271,3.5688,1,2,4.552531869
32,CHEMBL385214,O=C(Nc1cccc(Br)c1)C1CC(=O)N(C2CCCCC2)C1,inactive,365.271,3.5688,1,2,6.050609993
33,CHEMBL217864,COC(=O)c1ccccc1NC(=O)C1CC(=O)N(C2CCCCC2)C1,inactive,344.411,2.5929,1,4,4.457423524
34,CHEMBL217499,O=C(C1CC(=O)N(C2CCCCC2)C1)N1CCc2ccccc21,inactive,312.413,2.7569,0,2,5.292429824
35,CHEMBL441373,O=C(Nc1cccc(-c2ccccc2)c1)C1CC(=O)N(C2CCCCC2)C1,inactive,362.473,4.4733,1,2,6.408935393
36,CHEMBL262471,O=C(C1CC(=O)N(C2CCCCC2)C1)N1CCN(C(c2ccc(F)cc2)c2ccc(F)cc2)CC1,active,481.587,4.3796,0,3,5.258848401
37,CHEMBL215478,O=C(C1CC(=O)N(C2CCCCC2)C1)N1CCN(C(c2ccccc2)c2ccc(F)cc2)CC1,active,463.597,4.2405,0,3,5.19314197
38,CHEMBL217879,Cc1ccc(C(c2ccccc2)N2CCN(C(=O)C3CC(=O)N(C4CCCCC4)C3)CC2)cc1,active,459.634,4.40982,0,3,5.28567024
39,CHEMBL213872,CCn1c2ccccc2c2cc(NC(=O)C3CC(=O)N(C4CCCCC4)C3)ccc21,active,403.526,4.9341,1,3,5.590066877
40,CHEMBL216512,O=C(C1CC(=O)N(C2CCCCC2)C1)N1CCN(C(c2ccccc2)c2ccc(Cl)cc2)CC1,active,480.052,4.7548,0,3,5.349692477
41,CHEMBL424903,O=C(Nc1cccc(OCc2ccccc2)c1)C1CC(=O)N(C2CCCCC2)C1,active,392.499,4.3853,1,3,5.469800302
42,CHEMBL386655,O=C(Nc1cccc2c1Cc1ccccc1-2)C1CC(=O)N(C2CCCCC2)C1,active,374.484,4.3775,1,2,5.8569852
43,CHEMBL217594,CN(Cc1c2ccccc2cc2ccccc12)C(=O)C1CC(=O)N(C2CCCCC2)C1,active,414.549,5.1326,0,2,6.124938737
44,CHEMBL424724,O=C(Nc1cccc(Cc2ccccc2)c1)C1CC(=O)N(C2CCCCC2)C1,inactive,376.5,4.3971,1,2,6.387216143
45,CHEMBL216642,O=C(Nc1cccc(Cl)c1)C1CC(=O)N(c2ccccc2)C1,inactive,314.772,3.3316,1,2,5.404503778
46,CHEMBL216299,Cc1ccc(N2CC(C(=O)Nc3cccc(Br)c3)CC2=O)cc1C,inactive,387.277,4.05754,1,2,4
47,CHEMBL216063,Cc1ccc(N2CC(C(=O)Nc3cccc(Br)c3)CC2=O)cc1,inactive,373.25,3.74912,1,2,4
48,CHEMBL216759,O=C(Nc1cccc(Br)c1)C1CC(=O)N(c2ccc(F)cc2)C1,inactive,377.213,3.5798,1,2,4.534171185
49,CHEMBL217204,O=C(Nc1cccc(Br)c1)C1CC(=O)N(c2ccccc2)C1,inactive,359.223,3.4407,1,2,4.868060705
50,CHEMBL217375,Cc1c(Cl)cccc1NC(=O)C1CC(=O)N(c2ccc(OC(C)C)cc2)C1,inactive,386.879,4.42722,1,3,4
51,CHEMBL215014,Cc1ccc(N2CC(C(=O)Nc3cccc(Cl)c3C)CC2=O)cc1,inactive,342.826,3.94844,1,2,4
52,CHEMBL274325,Cc1c(Cl)cccc1NC(=O)C1CC(=O)N(c2ccc(Br)cc2)C1,active,407.695,4.40252,1,2,4
53,CHEMBL217808,Cc1c(Cl)cccc1NC(=O)C1CC(=O)N(c2cccc([N+](=O)[O-])c2)C1,inactive,373.796,3.54822,1,4,4
54,CHEMBL385297,Cc1c(Cl)cccc1NC(=O)C1CC(=O)N(c2ccccc2)C1,inactive,328.799,3.64002,1,2,4
55,CHEMBL415226,CCCOc1ccc(N2CC(C(=O)Nc3cccc(Cl)c3)CC2=O)cc1,active,372.852,4.1204,1,3,4
56,CHEMBL217885,Cc1ccc(N2CC(C(=O)Nc3cccc(Cl)c3)CC2=O)cc1,active,328.799,3.64002,1,2,4
57,CHEMBL217852,O=C(Nc1cccc(-c2ccccc2)c1)C1CC(=O)N(C2CC3CCC2C3)C1,active,374.484,4.3292,1,2,6.337242168
58,CHEMBL216807,O=C(Nc1cc(Cl)cc(Cl)c1)C1CC(=O)N(C2CCCCC2)C1,inactive,355.265,4.1131,1,2,6.698970004
59,CHEMBL216807,O=C(Nc1cc(Cl)cc(Cl)c1)C1CC(=O)N(C2CCCCC2)C1,active,355.265,4.1131,1,2,5.088309841
60,CHEMBL441373,O=C(Nc1cccc(-c2ccccc2)c1)C1CC(=O)N(C2CCCCC2)C1,inactive,362.473,4.4733,1,2,6.59345982
61,CHEMBL385650,O=C(Nc1cc(-c2ccccc2)c(O)c(-c2ccccc2)c1)C1CC(=O)N(C2CCCCCCC2)C1,active,482.624,6.6261,2,3,5.88941029
62,CHEMBL414086,CN(Cc1c2ccccc2cc2ccccc12)C(=O)C1CC(=O)N(C2CCCCCCC2)C1,active,442.603,5.9128,0,2,6.207608311
63,CHEMBL217057,O=C(Nc1cc(-c2ccccc2)c(O)c(-c2ccccc2)c1)C1CC(=O)N(C2CCCCCC2)C1,active,468.597,6.236,2,3,6.568636236
64,CHEMBL386329,CN(Cc1c2ccccc2cc2ccccc12)C(=O)C1CC(=O)N(C2CCCCCC2)C1,inactive,428.576,5.5227,0,2,6.494850022
65,CHEMBL216689,O=C(Nc1cc(-c2ccccc2)c(O)c(-c2ccccc2)c1)C1CC(=O)N(C2CCCCC2)C1,active,454.57,5.8459,2,3,6.853871964
66,CHEMBL426702,CN(Cc1c2ccccc2cc2ccccc12)C(=O)C1CC(=O)N(C2CC3CCC2C3)C1,active,426.56,4.9885,0,2,6.070581074
67,CHEMBL441373,O=C(Nc1cccc(-c2ccccc2)c1)C1CC(=O)N(C2CCCCC2)C1,active,362.473,4.4733,1,2,5.677780705
68,CHEMBL539344,Cl.Cl.O=C(Nc1cc(-c2ccccc2)c(O)c(-c2ccccc2)c1)C1CC(=O)N(C2CCCCC2)C1,active,527.492,6.6895,2,3,7.207608311
69,CHEMBL240734,O=C(c1ccccc1)N1CCN(c2ccccc2)CC1,active,266.344,2.649,0,2,4.410497204
70,CHEMBL240531,Cc1cccc(C(=O)N2CCC(Cc3ccccc3)CC2)c1,active,293.41,4.08992,0,1,5.131355562
71,CHEMBL240530,Cc1ccc(C(=O)N2CCC(Cc3ccccc3)CC2)cc1,active,293.41,4.08992,0,1,5.287350298
72,CHEMBL437002,O=C(c1ccccc1F)N1CCC(Cc2ccccc2)CC1,active,297.373,3.9206,0,1,4.850472986
73,CHEMBL240318,O=C(c1cccc(Cl)c1)N1CCC(Cc2ccccc2)CC1,inactive,313.828,4.4349,0,1,5.111259039
74,CHEMBL240317,O=C(c1ccccc1)N1CCN(Cc2ccccc2)CC1,inactive,280.371,2.6446,0,2,4.501689446
75,CHEMBL240316,O=C(c1ccc(Cl)c(Cl)c1)N1CCN(c2ccccc2)CC1,inactive,335.234,3.9558,0,2,4.753994096
76,CHEMBL429994,O=C(c1ccc(Cl)c(Cl)c1)N1CCN(c2cccc(Cl)c2)CC1,inactive,369.679,4.6092,0,2,5.218244625
77,CHEMBL240105,O=C(c1cccc(Cl)c1)N1CCN(c2cccc(Cl)c2)CC1,inactive,335.234,3.9558,0,2,5.171984936
78,CHEMBL239674,O=C(c1ccc(F)cc1)N1CCN(c2cccc(Cl)c2)CC1,inactive,318.779,3.4415,0,2,5.011441043
79,CHEMBL394433,O=C(c1ccccc1F)N1CCN(c2cccc(Cl)c2)CC1,inactive,318.779,3.4415,0,2,4.857923539
80,CHEMBL429275,Cc1ccc(N2CCN(C(=O)c3ccc(C(C)(C)C)cc3)CC2)cc1Cl,inactive,370.924,4.90832,0,2,4
81,CHEMBL239892,CC(C)(C)c1ccc(C(=O)N2CCN(c3cccc(C(F)(F)F)c3)CC2)cc1,inactive,390.449,4.9653,0,2,4
82,CHEMBL239891,CC(C)(C)c1ccc(C(=O)N2CCN(c3cccc(Cl)c3)CC2)cc1,inactive,356.897,4.5999,0,2,4
83,CHEMBL394432,CC(C)c1ccc(C(=O)N2CCN(c3cccc(Cl)c3)CC2)cc1,inactive,342.87,4.4258,0,2,4
84,CHEMBL239890,Cc1ccc(C(=O)N2CCN(c3cccc(C(F)(F)F)c3)CC2)cc1C,inactive,362.395,4.28464,0,2,5.732828272
85,CHEMBL239673,Cc1ccc(C(=O)N2CCN(c3cccc(Cl)c3)CC2)cc1C,inactive,328.843,3.91924,0,2,6.004364805
86,CHEMBL398032,Cc1cccc(C(=O)N2CCN(c3ccc([N+](=O)[O-])cc3)CC2)c1,active,325.368,2.86562,0,4,4.810509686
87,CHEMBL239459,Cc1cccc(C(=O)N2CCN(c3cccc(Cl)c3)CC2)c1,inactive,314.816,3.61082,0,2,5.025488307
88,CHEMBL430180,Cc1ccc(C(=O)N2CCN(c3cccc(Cl)c3)CC2)cc1,inactive,314.816,3.61082,0,2,5.512861625
89,CHEMBL398031,Cc1ccc(C(=O)N2CCN(c3cccc(C(F)(F)F)c3)CC2)cc1,inactive,348.368,3.97622,0,2,5.203425667
90,CHEMBL239457,Cc1ccc(C(=O)N2CCN(c3ccccc3)CC2)cc1,inactive,280.371,2.95742,0,2,4.778846678
91,CHEMBL240957,O=C(c1ccccc1)N1CCN(C(c2ccc(F)cc2)c2ccc(F)cc2)CC1,inactive,392.449,4.5122,0,2,5.690369833
92,CHEMBL240740,Cc1ccc(C(=O)N2CCN(C(c3ccc(F)cc3)c3ccc(F)cc3)CC2)cc1,inactive,406.476,4.82062,0,2,5.723538196
93,CHEMBL240739,O=C(c1ccc2[nH]ccc2c1)N1CCN(C(c2ccc(F)cc2)c2ccc(F)cc2)CC1,inactive,431.486,4.9935,1,2,5.982966661
94,CHEMBL216579,O=C(c1ccc2[nH]ccc2c1)N1CCN(C2c3ccccc3-c3ccccc32)CC1,inactive,393.49,4.6957,1,2,6.698970004
95,CHEMBL240533,O=C(c1ccccc1)N1CCN(C2c3ccccc3-c3ccccc32)CC1,inactive,354.453,4.2144,0,2,7.045757491
96,CHEMBL392127,Cc1ccc(C(=O)N2CCN(C3c4ccccc4-c4ccccc43)CC2)cc1,inactive,368.48,4.52282,0,2,6.397940009
97,CHEMBL250087,NC(=O)c1cc([C@@H]2O[C@H](COP(=O)(O)OP(=O)(O)OC[C@H]3O[C@@H](n4cnc5c(N)ncnc54)[C@H](O)[C@@H]3O)[C@@H](O)[C@H]2O)ccc1Oc1ccccc1,inactive,754.539,0.0314,8,18,4.568636236
98,CHEMBL264682,CCCCCCc1ccc(Oc2ccccc2)c(O)c1,inactive,270.372,5.3073,1,2,7.958607315
99,CHEMBL264679,CCCCCCc1ccc(Oc2ccccn2)c(O)c1,inactive,271.36,4.7023,1,3,4.93930216
100,CHEMBL258932,CCCCCCc1ccc(Oc2cnccn2)c(O)c1,inactive,272.348,4.0973,1,4,6.187086643
101,CHEMBL258931,CCCCCCc1ccc(Oc2ncccn2)c(O)c1,inactive,272.348,4.0973,1,4,5.086186148
102,CHEMBL259138,CCCCCCc1ccc(Oc2ccncc2)c(O)c1,inactive,271.36,4.7023,1,3,6.795880017
103,CHEMBL405655,CCCCCCc1ccc(Oc2cccnc2)c(O)c1,active,271.36,4.7023,1,3,6.627087997
104,CHEMBL429332,CCCCCCc1ccc(Oc2ncccn2)c(OC)c1,active,286.375,4.4003,0,4,1
105,CHEMBL261355,CCCCCCc1ccc(Oc2ccc(CN3CCN(C)CC3)cc2)c(O)c1,active,382.548,5.0547,1,4,6.514278574
106,CHEMBL408149,CCCCCCc1ccc(Oc2ccccc2CN2CCN(C)CC2)c(O)c1,active,382.548,5.0547,1,4,5.881074247
107,CHEMBL260399,CCCCCCc1ccc(Oc2ccc(NC(=O)c3ccno3)cc2)c(O)c1,active,380.444,5.5476,2,5,6.886056648
108,CHEMBL405653,CCCCCCc1ccc(Oc2cccc(NC(=O)c3ccno3)c2)c(O)c1,active,380.444,5.5476,2,5,5.920818754
109,CHEMBL428967,CCCCCCc1ccc(Oc2ccccc2NC(=O)c2ccno2)c(O)c1,active,380.444,5.5476,2,5,5.492144128
110,CHEMBL262343,CCCCCCc1ccc(Oc2ccc(NC(=O)C(=O)O)cc2)c(O)c1,active,357.406,4.3304,3,4,5.714442691
111,CHEMBL263646,CCCCCCc1ccc(Oc2cccc(NC(=O)C(=O)O)c2)c(O)c1,active,357.406,4.3304,3,4,6.236572006
112,CHEMBL407324,CCCCCCc1ccc(Oc2ccccc2NC(=O)C(=O)O)c(O)c1,active,357.406,4.3304,3,4,5.627087997
113,CHEMBL262360,CCCCCCc1ccc(Oc2ccc(NC(C)=O)cc2)c(O)c1,active,327.424,5.2657,2,3,5.886056648
114,CHEMBL404983,CCCCCCc1ccc(Oc2cccc(NC(C)=O)c2)c(O)c1,active,327.424,5.2657,2,3,5.251811973
115,CHEMBL264176,CCCCCCc1ccc(Oc2ccccc2NC(C)=O)c(O)c1,active,327.424,5.2657,2,3,5.809668302
116,CHEMBL264175,CCCCCCc1ccc(Oc2ccc(N)cc2)c(O)c1,active,285.387,4.8895,2,3,7.259637311
117,CHEMBL404984,CCCCCCc1ccc(Oc2cccc(N)c2)c(O)c1,active,285.387,4.8895,2,3,5.962573502
118,CHEMBL264434,CCCCCCc1ccc(Oc2ccccc2N)c(O)c1,active,285.387,4.8895,2,3,7.207608311
119,CHEMBL264417,CCCCCCc1ccc(Oc2ccc([N+](=O)[O-])cc2)c(O)c1,active,315.369,5.2155,1,4,7.045757491
120,CHEMBL264416,CCCCCCc1ccc(Oc2cccc([N+](=O)[O-])c2)c(O)c1,active,315.369,5.2155,1,4,7.318758763
121,CHEMBL264415,CCCCCCc1ccc(Oc2ccccc2[N+](=O)[O-])c(O)c1,active,315.369,5.2155,1,4,6.744727495
122,CHEMBL454588,C/C=C(\C)c1cc(O)c(C)c(OC(=O)c2c(/C(C)=C/C)cc(O)c(C)c2O)c1,active,382.456,5.48584,3,5,4.124938737
123,CHEMBL849,Oc1cc(Cl)ccc1Oc1ccc(Cl)cc1Cl,active,289.545,5.1447,1,2,5.522878745
124,CHEMBL549456,Cc1ccc(OC(=O)c2ccccc2[N+](=O)[O-])c(Br)c1,active,336.141,3.88492,0,4,5.019996628
125,CHEMBL564612,O=C(Nc1cc(Cl)cc(Cl)c1)c1ccccc1[N+](=O)[O-],active,311.124,4.1539,1,3,5.209714836
126,CHEMBL551621,Cc1ccc(NC(=O)c2sc3ccccc3c2Cl)cc1[N+](=O)[O-],active,346.795,5.02362,1,4,5.669586227
127,CHEMBL552222,CCN(CC)c1ccc(NC(=O)c2ccccc2[N+](=O)[O-])cc1,active,313.357,3.6933,1,4,5.359518563
128,CHEMBL540477,Cc1cc(Cl)ccc1OCC(=O)Nc1cccc([N+](=O)[O-])c1C,active,334.759,3.88254,1,4,5.459670525
129,CHEMBL550610,CCN(CC)c1ccc(/C=C2/SC(N3CCCCC3)=NC2=O)cc1,active,343.496,3.989,0,4,5.209714836
130,CHEMBL570080,O=C(Nc1cc(Cl)c(Cl)cc1Cl)c1ccccc1[N+](=O)[O-],active,345.569,4.8073,1,3,4.920095532
131,CHEMBL553790,O=[N+]([O-])c1cc(/N=C/c2ccc(Cl)cc2Cl)ccc1Cl,active,329.57,5.3056,0,3,5.329754147
132,CHEMBL557836,COc1ccc(/C=C2/SC(N3CCC(C)CC3)=NC2=O)cc1OC,active,346.452,3.406,0,5,4.969805215
133,CHEMBL561485,COc1ccc(/C=C2/SC(N3CCCCC3)=NC2=O)cc1OC,active,332.425,3.16,0,5,4.940058112
134,CHEMBL558660,COc1cc(NC(=O)c2ccc(C)cc2[N+](=O)[O-])cc(OC)c1,active,316.313,3.17272,1,5,5.869666232
135,CHEMBL539723,COc1ccc(/C=C2\SC(N3CCCCCC3)NC2=O)cc1OC,active,348.468,3.0673,1,5,4.960189446
136,CHEMBL558336,O=C(Nc1ccc(Cl)cc1Cl)c1ccccc1[N+](=O)[O-],active,311.124,4.1539,1,3,4.7000571
137,CHEMBL571677,COc1ccc(/C=C2/SC(N3CCCC3)=NC2=O)cc1OC,active,318.398,2.7699,0,5,5.140261434
138,CHEMBL554270,CCOC(=O)C1=C(C)N/C(=C/c2cc(OC)ccc2OC)C1=O,active,317.341,2.0541,1,6,5.440093375
139,CHEMBL565062,COC(=O)c1c(NC(=O)c2ccccc2[N+](=O)[O-])sc2c1CCC2,active,346.364,3.1839,1,6,5.739928612
140,CHEMBL558464,CCN(CC)c1ccc(/C=C2/N=C(c3ccccc3)OC2=O)cc1,active,320.392,3.8773,0,4,5.480172006
141,CHEMBL560086,Cc1ccc(NC(=O)c2ccccc2[N+](=O)[O-])c(C)c1,active,270.288,3.46394,1,3,4.980053318
142,CHEMBL540475,COc1cc(Cl)ccc1NC(=O)c1ccc(C)c([N+](=O)[O-])c1,active,320.732,3.81752,1,4,5.300162274
143,CHEMBL551683,Cc1ccc(C(=O)Nc2ccc(Cl)cc2Cl)cc1[N+](=O)[O-],active,325.151,4.46232,1,3,5.059981845
144,CHEMBL550334,COc1ccc(Cl)cc1NC(=O)c1ccc(Cl)c([N+](=O)[O-])c1,active,341.15,4.1625,1,4,5.390405591
145,CHEMBL560605,O=C(Nc1cc(Cl)ccc1Cl)c1ccc(Cl)c([N+](=O)[O-])c1,active,345.569,4.8073,1,3,4.7000571
146,CHEMBL560606,O=C(Nc1ccc(Cl)c(Cl)c1)c1ccc(Cl)c([N+](=O)[O-])c1,active,345.569,4.8073,1,3,4.280006174
147,CHEMBL550333,COc1ccc(Cl)cc1NC(=O)c1ccc(OC)c([N+](=O)[O-])c1,active,336.731,3.5177,1,5,5.300162274
148,CHEMBL560684,COc1ccc(C(=O)Nc2cc(Cl)cc(Cl)c2)cc1[N+](=O)[O-],active,341.15,4.1625,1,4,5.149966742
149,CHEMBL558073,COc1ccc(C(=O)Nc2cc(Cl)ccc2Cl)cc1[N+](=O)[O-],active,341.15,4.1625,1,4,4.860120914
150,CHEMBL539395,COc1ccc(OC)c(/C=N/NC2=CS(=O)(=O)c3ccccc32)c1,active,344.392,2.4132,1,6,5.289882635
151,CHEMBL559811,O=C1N=C(Nc2cc(Cl)cc(Cl)c2)S/C1=C/c1ccco1,active,339.203,4.6688,1,4,4.750068243
152,CHEMBL560683,COc1cc(Cl)cc(/C=C2/SC(c3ccccc3)=NC2=O)c1O,active,345.807,4.1153,1,4,4.980053318
153,CHEMBL565129,CCOc1ccc(/C=C2/SC(c3ccccc3)=NC2=O)cc1C,active,323.417,4.45482,0,3,5
154,CHEMBL505886,CCCCCCCCc1ccc(Oc2ccccc2)c(O)c1,active,298.426,6.0875,1,2,8.301029996
155,CHEMBL261355,CCCCCCc1ccc(Oc2ccc(CN3CCN(C)CC3)cc2)c(O)c1,active,382.548,5.0547,1,4,2.485
156,CHEMBL408149,CCCCCCc1ccc(Oc2ccccc2CN2CCN(C)CC2)c(O)c1,active,382.548,5.0547,1,4,3.118
157,CHEMBL260399,CCCCCCc1ccc(Oc2ccc(NC(=O)c3ccno3)cc2)c(O)c1,active,380.444,5.5476,2,5,2.113
158,CHEMBL405653,CCCCCCc1ccc(Oc2cccc(NC(=O)c3ccno3)c2)c(O)c1,active,380.444,5.5476,2,5,3.086000002
159,CHEMBL428967,CCCCCCc1ccc(Oc2ccccc2NC(=O)c2ccno2)c(O)c1,active,380.444,5.5476,2,5,3.507000005
160,CHEMBL262343,CCCCCCc1ccc(Oc2ccc(NC(=O)C(=O)O)cc2)c(O)c1,active,357.406,4.3304,3,4,3.284999999
161,CHEMBL262360,CCCCCCc1ccc(Oc2ccc(NC(C)=O)cc2)c(O)c1,active,327.424,5.2657,2,3,3.112999999
162,CHEMBL404983,CCCCCCc1ccc(Oc2cccc(NC(C)=O)c2)c(O)c1,active,327.424,5.2657,2,3,2.763000001
163,CHEMBL264176,CCCCCCc1ccc(Oc2ccccc2NC(C)=O)c(O)c1,active,327.424,5.2657,2,3,3.189999999
164,CHEMBL264175,CCCCCCc1ccc(Oc2ccc(N)cc2)c(O)c1,active,285.387,4.8895,2,3,1.7403
165,CHEMBL404984,CCCCCCc1ccc(Oc2cccc(N)c2)c(O)c1,active,285.387,4.8895,2,3,3.036999998
166,CHEMBL264434,CCCCCCc1ccc(Oc2ccccc2N)c(O)c1,active,285.387,4.8895,2,3,1.792
167,CHEMBL264417,CCCCCCc1ccc(Oc2ccc([N+](=O)[O-])cc2)c(O)c1,active,315.369,5.2155,1,4,1.954
168,CHEMBL264416,CCCCCCc1ccc(Oc2cccc([N+](=O)[O-])c2)c(O)c1,active,315.369,5.2155,1,4,1.681
169,CHEMBL264415,CCCCCCc1ccc(Oc2ccccc2[N+](=O)[O-])c(O)c1,active,315.369,5.2155,1,4,2.255
170,CHEMBL258932,CCCCCCc1ccc(Oc2cnccn2)c(O)c1,active,272.348,4.0973,1,4,2.812000001
171,CHEMBL258931,CCCCCCc1ccc(Oc2ncccn2)c(O)c1,inactive,272.348,4.0973,1,4,3.912999986
172,CHEMBL259138,CCCCCCc1ccc(Oc2ccncc2)c(O)c1,active,271.36,4.7023,1,3,2.204
173,CHEMBL405655,CCCCCCc1ccc(Oc2cccnc2)c(O)c1,inactive,271.36,4.7023,1,3,2.374
174,CHEMBL264679,CCCCCCc1ccc(Oc2ccccn2)c(O)c1,inactive,271.36,4.7023,1,3,4.059999995
175,CHEMBL264682,CCCCCCc1ccc(Oc2ccccc2)c(O)c1,active,270.372,5.3073,1,2,1.0413
176,CHEMBL3087017,Cc1csc(C(C)(O)c2nnc(NC(=O)c3ccn(Cc4c(F)cccc4F)n3)s2)n1,inactive,462.507,3.33412,2,9,4.468521083
177,CHEMBL3087016,Cc1csc(C(C)(O)c2nnc(NCC3CN(Cc4c(F)cccc4F)C(=O)O3)s2)n1,inactive,467.523,3.26992,2,9,6.397940009
178,CHEMBL3087015,Cc1csc(C(C)(O)c2nnc(Nc3cc(C4CC4)n(Cc4c(F)cccc4F)n3)s2)n1,inactive,474.562,4.70282,2,9,6.013228266
179,CHEMBL3088178,Cc1csc(C(C)(O)c2nnc(Nc3nccc(Cc4c(F)cccc4F)n3)s2)n1,inactive,446.508,3.96142,2,9,8.698970004
180,CHEMBL3088177,Cc1csc(C(C)(O)c2nnc(Nc3cccc(Cc4c(F)cccc4F)n3)s2)n1,inactive,445.52,4.56642,2,8,8.698970004
181,CHEMBL3088176,Cc1csc(C(C)(O)c2nnc(NC(=O)Cc3c(F)cccc3F)s2)n1,inactive,396.444,3.01822,2,7,6.698970004
182,CHEMBL3088175,Cc1csc(C(C)(O)c2nnc(Nc3ncn(Cc4c(F)cccc4F)n3)s2)n1,inactive,435.485,3.22042,2,10,7.522878745
183,CHEMBL3088174,Cc1csc(C(C)(O)c2nnc(Nc3cnn(Cc4c(F)cccc4F)c3)s2)n1,inactive,434.497,3.82542,2,9,6.630784143
184,CHEMBL3088173,Cc1csc(C(C)(O)c2nnc(Nc3ccn(Cc4c(F)cccc4F)n3)s2)n1,inactive,434.497,3.82542,2,9,8.397940009
185,CHEMBL3088172,Cc1csc([C@](C)(O)c2nnc(Nc3ccn(Cc4c(F)cccc4F)n3)s2)n1,inactive,434.497,3.82542,2,9,8.522878745
186,CHEMBL3088171,COC(=O)c1cnc2ccc(C#N)cc2c1NCCCc1ccccc1,inactive,345.402,3.93778,1,5,7.698970004
187,CHEMBL3088170,O=C1CC(c2nc3ccccc3n2Cc2ccccc2)CN1C1CCCCC1,inactive,373.5,4.7332,0,3,6
188,CHEMBL1236225,CCCCCCc1ccc(Oc2ccccc2C)c(O)c1,inactive,284.399,5.61572,1,2,7.657577319
189,CHEMBL849,Oc1cc(Cl)ccc1Oc1ccc(Cl)cc1Cl,inactive,289.545,5.1447,1,2,6.698970004
190,CHEMBL2323585,CC/C(C)=C1\OC(=O)[C@H](C)[C@H](O)[C@H](Cc2cccnc2)NC(=O)[C@@H](NC(=O)c2ncccc2O)[C@@H](C)OC1=O,inactive,540.573,1.1776,4,10,5.22184875
191,CHEMBL3125235,CCc1cc(C(=O)N[C@@H]2C[C@@H](C(=O)NCc3ccccn3)N(C(=O)c3coc4ccccc34)C2)n(CC)n1,active,514.586,2.9361,2,7,8.698970004
192,CHEMBL3125104,CCc1cc(C(=O)N[C@@H]2C[C@@H](C(=O)NCCO)N(C(=O)c3coc4ccccc34)C2)n(CC)n1,active,467.526,1.3332,3,7,8.522878745
193,CHEMBL3125103,CCc1cc(C(=O)N[C@@H]2C[C@@H](C(=O)NCCc3ccccn3)N(C(=O)c3coc4ccccc34)C2)n(CC)n1,active,528.613,2.9786,2,7,8.397940009
194,CHEMBL3125102,CCc1cc(C(=O)N[C@@H]2C[C@@H](C(=O)NCc3nc(C)no3)N(C(=O)c3coc4ccccc34)C2)n(CC)n1,inactive,519.562,2.23252,2,9,8.397940009
195,CHEMBL3125101,CCc1cc(C(=O)N[C@@H]2C[C@@H](C(=O)NCc3ccc4c(c3)B(O)OC4)N(C(=O)c3coc4ccccc34)C2)n(CC)n1,active,569.427,1.7588,3,8,8.698970004
196,CHEMBL3125270,CCc1cc(C(=O)N[C@@H]2C[C@@H](C(N)=O)N(C(=O)c3coc4ccccc34)C2)n(CC)n1,active,423.473,1.71,2,6,8.397940009
197,CHEMBL3125269,CCc1cc(C(=O)N[C@@H]2C[C@@H](C(=O)NCC(=O)OC)N(C(=O)c3coc4ccccc34)C2)n(Cc2ccccc2)n1,active,557.607,2.5423,2,8,6
198,CHEMBL3125268,CCc1cc(C(=O)N[C@@H]2C[C@@H](C(=O)NCC(=O)OC)N(C(=O)c3coc4ccccc34)C2)n(CCO)n1,active,511.535,0.4863,3,9,6
199,CHEMBL3125267,CCCn1nc(CC)cc1C(=O)N[C@@H]1C[C@@H](C(=O)NCC(=O)OC)N(C(=O)c2coc3ccccc23)C1,active,509.563,1.904,2,8,7.958607315
200,CHEMBL3125266,CCc1cc(C(=O)N[C@@H]2C[C@@H](C(=O)NCC(=O)OC)N(C(=O)c3coc4ccccc34)C2)n(CC)n1,active,495.536,1.5139,2,8,8.522878745
201,CHEMBL3125265,COC(=O)CNC(=O)[C@@H]1C[C@@H](NC(=O)c2cc(C3CC3)nn2C)CN1C(=O)c1coc2ccccc12,active,493.52,1.346,2,8,7.823908741
202,CHEMBL3125264,COC(=O)CNC(=O)[C@@H]1C[C@@H](NC(=O)c2cc(CC(C)C)nn2C)CN1C(=O)c1coc2ccccc12,inactive,509.563,1.6671,2,8,6
203,CHEMBL3125263,CCCc1cc(C(=O)N[C@@H]2C[C@@H](C(=O)NCC(=O)OC)N(C(=O)c3coc4ccccc34)C2)n(C)n1,inactive,495.536,1.4211,2,8,7.657577319
204,CHEMBL3125262,CCc1cc(C(=O)N[C@@H]2C[C@@H](C(=O)NCc3ccc(C)o3)N(C(=O)c3coc4ccccc34)C2)n(C)n1,inactive,503.559,2.95962,2,7,7.677780705
205,CHEMBL3125261,CCc1cc(C(=O)N[C@@H]2C[C@@H](C(=O)NCc3nc4ccccc4o3)N(C(=O)c3coc4ccccc34)C2)n(C)n1,active,540.58,3.1994,2,8,8.522878745
206,CHEMBL3125260,CCc1cc(C(=O)N[C@@H]2C[C@@H](C(=O)NCc3nc(C)no3)N(C(=O)c3coc4ccccc34)C2)n(C)n1,active,505.535,1.74962,2,9,8.15490196
207,CHEMBL3125259,CCc1cc(C(=O)N[C@@H]2C[C@@H](C(=O)NCc3ncco3)N(C(=O)c3coc4ccccc34)C2)n(C)n1,active,490.52,2.0462,2,8,8.301029996
208,CHEMBL3125258,CCc1cc(C(=O)N[C@@H]2C[C@@H](C(=O)NCc3nccs3)N(C(=O)c3coc4ccccc34)C2)n(C)n1,active,506.588,2.5147,2,8,7.769551079
209,CHEMBL3125257,CCc1cc(C(=O)N[C@@H]2C[C@@H](C(=O)NCc3ccn(CC)n3)N(C(=O)c3coc4ccccc34)C2)n(C)n1,active,517.59,2.2746,2,8,7.494850022
210,CHEMBL3125256,CCc1cc(C(=O)N[C@@H]2C[C@@H](C(=O)Nc3ccn(Cc4c(F)cccc4F)n3)N(C(=O)c3coc4ccccc34)C2)n(C)n1,active,601.614,3.9035,2,8,8.397940009
211,CHEMBL3125255,CCc1cc(C(=O)N[C@@H]2C[C@@H](C(=O)Nc3ccn(Cc4ccc(F)cc4)n3)N(C(=O)c3coc4ccccc34)C2)n(C)n1,active,583.624,3.7644,2,8,8.301029996
212,CHEMBL3125254,CCc1cc(C(=O)N[C@@H]2C[C@@H](C(=O)Nc3ccn(CC4CCCCC4)n3)N(C(=O)c3coc4ccccc34)C2)n(C)n1,active,571.682,4.1573,2,8,6
213,CHEMBL3125253,CCc1cc(C(=O)N[C@@H]2C[C@@H](C(=O)Nc3cnn(CC)n3)N(C(=O)c3coc4ccccc34)C2)n(C)n1,active,504.551,1.9919,2,9,8.522878745
214,CHEMBL3125252,CCc1cc(C(=O)N[C@@H]2C[C@@H](C(=O)Nc3ccn(C)n3)N(C(=O)c3coc4ccccc34)C2)n(C)n1,active,489.536,2.114,2,8,8.15490196
215,CHEMBL3125251,CCc1cc(C(=O)N[C@@H]2C[C@@H](C(=O)Nc3nc(C)co3)N(C(=O)c3coc4ccccc34)C2)n(C)n1,active,490.52,2.67692,2,8,8.045757491
216,CHEMBL3125250,CCc1cc(C(=O)N[C@@H]2C[C@@H](C(=O)Nc3cc(C)on3)N(C(=O)c3coc4ccccc34)C2)n(C)n1,active,490.52,2.67692,2,8,7.744727495
217,CHEMBL3125249,CCc1cc(C(=O)N[C@@H]2C[C@@H](C(=O)NCCc3ccccn3)N(C(=O)c3coc4ccccc34)C2)n(C)n1,active,514.586,2.4957,2,7,7.602059991
218,CHEMBL3125248,CCc1cc(C(=O)N[C@@H]2C[C@@H](C(=O)N[C@H](CO)Cc3ccccc3)N(C(=O)c3coc4ccccc34)C2)n(C)n1,active,543.624,2.4616,3,7,6.950781977
219,CHEMBL3125247,CCc1cc(C(=O)N[C@@H]2C[C@@H](C(=O)NCCc3ccc(F)cc3)N(C(=O)c3coc4ccccc34)C2)n(C)n1,active,531.588,3.2398,2,6,8.22184875
220,CHEMBL3125246,CCc1cc(C(=O)N[C@@H]2C[C@@H](C(=O)NCC3OB(O)c4ccccc43)N(C(=O)c3coc4ccccc34)C2)n(C)n1,active,555.4,1.317,3,8,7.455931956
221,CHEMBL3125245,CCc1cc(C(=O)N[C@@H]2C[C@@H](C(=O)Nc3ccc4c(c3)B(O)OC4)N(C(=O)c3coc4ccccc34)C2)n(C)n1,inactive,541.373,1.5982,3,8,7.585026652
222,CHEMBL3125244,CCc1cc(C(=O)N[C@@H]2C[C@@H](C(=O)Nc3ccccn3)N(C(=O)c3coc4ccccc34)C2)n(C)n1,active,486.532,2.7755,2,7,7.958607315
223,CHEMBL3125243,CCc1cc(C(=O)N[C@@H]2C[C@@H](C(=O)NCc3cnc(C)cn3)N(C(=O)c3coc4ccccc34)C2)n(C)n1,active,515.574,2.15662,2,8,7.657577319
224,CHEMBL3125242,CCc1cc(C(=O)N[C@@H]2C[C@@H](C(=O)NCc3ccc(F)c(F)c3)N(C(=O)c3coc4ccccc34)C2)n(C)n1,active,535.551,3.3364,2,6,8.045757491
225,CHEMBL3125241,CCc1cc(C(=O)N[C@@H]2C[C@@H](C(=O)NCc3ccc(C(F)(F)F)cc3)N(C(=O)c3coc4ccccc34)C2)n(C)n1,inactive,567.568,4.077,2,6,7.37675071
226,CHEMBL3125240,CCc1cc(C(=O)N[C@@H]2C[C@@H](C(=O)NCc3ccc(OC(F)(F)F)cc3)N(C(=O)c3coc4ccccc34)C2)n(C)n1,active,583.567,3.9568,2,7,8.301029996
227,CHEMBL3125239,CCc1cc(C(=O)N[C@@H]2C[C@@H](C(=O)NCc3ccccc3)N(C(=O)c3coc4ccccc34)C2)n(C)n1,active,499.571,3.0582,2,6,7.387216143
228,CHEMBL3125238,CCc1cc(C(=O)N[C@@H]2C[C@@H](C(=O)NC3CCCC3)N(C(=O)c3coc4ccccc34)C2)n(C)n1,active,477.565,2.8006,2,6,7.397940009
229,CHEMBL3125237,CCc1cc(C(=O)N[C@@H]2C[C@@H](C(=O)NCC3CCCO3)N(C(=O)c3coc4ccccc34)C2)n(C)n1,active,493.564,2.037,2,7,7.346787486
230,CHEMBL3125236,CCc1cc(C(=O)N[C@@H]2C[C@@H](C(=O)NC3CCOC3=O)N(C(=O)c3coc4ccccc34)C2)n(C)n1,active,493.52,1.1735,2,8,7.096910013
231,CHEMBL3125286,CCc1cc(C(=O)N[C@@H]2C[C@@H](C(=O)NCCNC(C)=O)N(C(=O)c3coc4ccccc34)C2)n(C)n1,inactive,494.552,0.9941,3,7,7.698970004
232,CHEMBL3125285,CCOC(=O)CCNC(=O)[C@@H]1C[C@@H](NC(=O)c2cc(CC)nn2C)CN1C(=O)c1coc2ccccc12,active,509.563,1.8112,2,8,7.657577319
233,CHEMBL3125284,CCc1cc(C(=O)N[C@@H]2C[C@@H](C(=O)NCCN(C)C)N(C(=O)c3coc4ccccc34)C2)n(C)n1,inactive,480.569,1.4196,2,7,6.769551079
234,CHEMBL3125283,CCc1cc(C(=O)N[C@@H]2C[C@@H](C(=O)NCCOC)N(C(=O)c3coc4ccccc34)C2)n(C)n1,inactive,467.526,1.5044,2,7,7.853871964
235,CHEMBL3125282,CCCNC(=O)[C@@H]1C[C@@H](NC(=O)c2cc(CC)nn2C)CN1C(=O)c1coc2ccccc12,inactive,451.527,2.268,2,6,7.677780705
236,CHEMBL3125281,CCc1cc(C(=O)N[C@@H]2C[C@@H](C(=O)NCC(F)(F)F)N(C(=O)c3coc4ccccc34)C2)n(C)n1,inactive,491.47,2.4203,2,6,7.337242168
237,CHEMBL3125280,CCc1cc(C(=O)N[C@@H]2C[C@@H](C(=O)N(CC)CC)N(C(=O)c3coc4ccccc34)C2)n(C)n1,inactive,465.554,2.6102,1,6,6.023191663
238,CHEMBL3125279,CCc1cc(C(=O)N[C@@H]2C[C@@H](C(N)=O)N(C(=O)c3coc4ccccc34)C2)n(C)n1,inactive,409.446,1.2271,2,6,7.920818754
239,CHEMBL3125278,CCNC[C@@H]1C[C@@H](NC(=O)c2cc(CC)nn2C)CN1C(=O)c1coc2ccccc12,inactive,423.517,2.3513,2,6,6.356547324
240,CHEMBL3125271,CCNC(=O)[C@@H]1C[C@@H](NC(=O)c2cc(CC)nn2C)CN1C(=O)c1ccc2occc2c1,active,437.5,1.8779,2,6,7.13076828
241,CHEMBL3125274,CCc1cc(C(=O)N[C@@H]2C[C@@H](C(=O)OC)N(C(=O)c3coc4ccccc34)C2)n(C)n1,active,424.457,1.9148,1,7,6.66756154
242,CHEMBL3125272,CCNC(=O)[C@@H]1C[C@@H](NC(=O)c2cc(CC)nn2C)CN1C(=O)c1coc2ccccc12,inactive,437.5,1.8779,2,6,7.468521083
243,CHEMBL3125273,CCNC(=O)[C@@H]1C[C@@H](NC(=O)c2cc(CC)nn2C)CN1C(=O)c1ccc2sccc2c1,inactive,453.568,2.3464,2,6,6.91721463
244,CHEMBL3125275,CCc1cc(C(=O)N[C@@H]2C[C@@H](C(=O)O)N(C(=O)c3coc4ccccc34)C2)n(C)n1,inactive,410.43,1.8264,2,6,5.88941029
245,CHEMBL3125276,CCc1cc(C(=O)N[C@@H]2C[C@@H](C(=O)NCC(=O)OC)N(C(=O)c3coc4ccccc34)C2)n(C)n1,inactive,481.509,1.031,2,8,8.301029996
246,CHEMBL3125277,CCc1cc(C(=O)N[C@@H]2CCN(C(=O)c3coc4ccccc34)C2)n(C)n1,inactive,366.421,2.3732,1,5,6.920818754
247,CHEMBL3319431,CCCc1cc(-c2nc(-c3ccncc3)cs2)ccn1,inactive,281.384,4.2196,0,4,4.301029996
248,CHEMBL374478,CO[C@H]1/C=C/O[C@@]2(C)Oc3c(C)c(O)c4c(O)c(c(/C=N/N5CCN(C)CC5)c(O)c4c3C2=O)NC(=O)/C(C)=C\C=C\[C@H](C)[C@H](O)[C@@H](C)[C@@H](O)[C@@H](C)[C@H](OC(C)=O)[C@@H]1C,inactive,822.953,4.33542,6,15,7.522878745
249,CHEMBL3335464,COCCN(C1CCN(Cc2c(-c3ccccc3)[nH]c3c(C)cccc23)C1)S(C)(=O)=O,inactive,441.597,3.62562,1,4,4
250,CHEMBL3335466,O=S(=O)(NC1CCN(Cc2ccncc2)CC1)c1ccc(-n2cccn2)cc1,inactive,397.504,2.2102,1,6,4
251,CHEMBL849,Oc1cc(Cl)ccc1Oc1ccc(Cl)cc1Cl,inactive,289.545,5.1447,1,2,6.200659451
252,CHEMBL3343858,O=C(Cn1c(=O)oc2cc([N+](=O)[O-])ccc21)NCc1ccccn1,inactive,328.284,1.2141,1,7,5.084600165
253,CHEMBL3343865,O=C(Cn1c(=O)oc2cc(Cl)ccc21)Nc1ncc([N+](=O)[O-])s1,inactive,354.731,2.2513,1,8,5.166215625
254,CHEMBL3343866,O=C(Cn1c(=O)oc2cc([N+](=O)[O-])ccc21)Nc1ncc([N+](=O)[O-])s1,inactive,365.283,1.5061,1,10,5.290730039
255,CHEMBL3343868,O=C(Cn1c(=O)oc2cc(Cl)ccc21)Nc1nc2ccccc2s1,inactive,359.794,3.4963,1,6,5.050609993
256,CHEMBL3343869,O=C(Cn1c(=O)oc2cc([N+](=O)[O-])ccc21)Nc1nc2ccccc2s1,inactive,370.346,2.7511,1,8,5.118045029
257,CHEMBL3343873,O=C(Cn1c(=O)oc2ccccc21)Nc1cc(Cl)ccc1Cl,inactive,337.162,3.54,1,4,4.655214877
258,CHEMBL1449844,O=C(Cn1c(=O)oc2ccccc21)Nc1cccc(Cl)c1,inactive,302.717,2.8866,1,4,4.602059991
259,CHEMBL3343874,O=C(Cn1c(=O)oc2ccccc21)Nc1ccc(Cl)c(Cl)c1,inactive,337.162,3.54,1,4,4.602059991
260,CHEMBL3331278,Cc1nc2ccc(Cl)cc2c(=O)n1CC(=O)Nc1ccccc1,inactive,327.771,2.99702,1,4,5.505845406
261,CHEMBL3331277,Cc1nc2ccccc2c(=O)n1CC(=O)Nc1ccccc1,inactive,293.326,2.34362,1,4,5.049635146
262,CHEMBL3331276,O=C(Cn1cnc2ccc(Cl)cc2c1=O)NCc1cccs1,inactive,333.8,2.4278,1,5,5.147520006
263,CHEMBL3331275,O=C(Cn1cnc2ccc(Cl)cc2c1=O)NCc1ccco1,intermediate ,317.732,1.9593,1,5,5.505845406
264,CHEMBL3331274,O=C(Cn1cnc2ccc(Cl)cc2c1=O)Nc1cc(C(F)(F)F)ccc1Cl,intermediate ,416.186,4.3608,1,4,5.341035157
265,CHEMBL3331273,O=C(Cn1cnc2ccccc2c1=O)Nc1cc(C(F)(F)F)ccc1Cl,intermediate ,381.741,3.7074,1,4,5.088309841
266,CHEMBL3331272,O=C(Cn1cnc2ccc(Cl)cc2c1=O)Nc1ccccc1,intermediate ,313.744,2.6886,1,4,5.109020403
267,CHEMBL3331279,Cc1nc2ccccc2c(=O)n1CC(=O)Nc1cc(C(C)(F)F)ccc1Cl,intermediate ,391.805,4.10872,1,4,5.042871802
268,CHEMBL3331280,Cc1nc2ccc(Cl)cc2c(=O)n1CC(=O)Nc1cc(C(C)(F)F)ccc1Cl,intermediate ,426.25,4.76212,1,4,5.145086978
269,CHEMBL3331281,Cc1nc2ccccc2c(=O)n1CC(=O)NCc1ccco1,intermediate ,297.314,1.61432,1,5,5.163675884
270,CHEMBL3331282,Cc1nc2ccc(Cl)cc2c(=O)n1CC(=O)NCc1ccco1,intermediate ,331.759,2.26772,1,5,5.344861565
271,CHEMBL3331283,Cc1nc2ccccc2c(=O)n1CC(=O)NCc1cccs1,intermediate ,313.382,2.08282,1,5,5.221125528
272,CHEMBL3331284,Cc1nc2ccc(Cl)cc2c(=O)n1CC(=O)NCc1cccs1,intermediate ,347.827,2.73622,1,5,5.170053304
273,CHEMBL3331292,Cc1nc2ccc(Cl)cc2c(=O)n1CC(=O)NCc1nc2ccccc2s1,intermediate ,398.875,3.28442,1,6,5.077793723
274,CHEMBL3331293,O=C(Cn1cnc2ccccc2c1=O)NCc1nc2ccc([N+](=O)[O-])cc2s1,intermediate ,395.4,2.2308,1,8,5.290730039
275,CHEMBL3331295,Cc1nc2ccccc2c(=O)n1CC(=O)NCc1nc2ccc([N+](=O)[O-])cc2s1,intermediate ,409.427,2.53922,1,8,5.210419288
276,CHEMBL3393978,O=C(/C=C/c1ccccc1)N1CCN(C(c2ccccc2)c2ccccc2)CC1,intermediate ,382.507,4.6336,0,2,4.301029996
277,CHEMBL486730,O=S(=O)(c1ccccc1)N1CCN(C(c2ccccc2)c2ccccc2)CC1,intermediate ,392.524,3.7825,0,3,4.301029996
278,CHEMBL3393977,O=C(c1cc(F)ccc1F)N1CCN(C(c2ccccc2)c2ccccc2)CC1,intermediate ,392.449,4.5122,0,2,4.301029996
279,CHEMBL3393976,O=C(c1ccc(F)cc1)N1CCN(C(c2ccccc2)c2ccccc2)CC1,intermediate ,374.459,4.3731,0,2,4.301029996
280,CHEMBL3393975,O=C(c1ccc(Cl)cc1)N1CCN(C(c2ccccc2)c2ccccc2)CC1,intermediate ,390.914,4.8874,0,2,4.301029996
281,CHEMBL3393974,Cc1ccc(C(=O)N2CCN(C(c3ccccc3)c3ccccc3)CC2)cc1,intermediate ,370.496,4.54242,0,2,5.106238238
282,CHEMBL3393973,COc1ccc(C(=O)N2CCN(C(c3ccccc3)c3ccccc3)CC2)cc1,intermediate ,386.495,4.2426,0,3,4.301029996
283,CHEMBL3393972,O=C(c1ccccc1)N1CCN(C(c2ccccc2)c2ccccc2)CC1,intermediate ,356.469,4.234,0,2,4.795066478
284,CHEMBL3393971,c1ccc(CN2CCN(C3c4ccccc4-c4ccccc43)CC2)cc1,intermediate ,340.47,4.5742,0,2,4.301029996
285,CHEMBL3393970,O=C(CN1CCN(C2c3ccccc3-c3ccccc32)CC1)Nc1ccccc1,intermediate ,383.495,4.0127,1,3,4.301029996
286,CHEMBL3393969,O=C(/C=C/c1ccccc1)N1CCN(C2c3ccccc3-c3ccccc32)CC1,intermediate ,380.491,4.614,0,2,4.301029996
287,CHEMBL3393968,Cc1ccccc1S(=O)(=O)N1CCN(C2c3ccccc3-c3ccccc32)CC1,intermediate ,404.535,4.07132,0,3,4.301029996
288,CHEMBL3393967,O=S(=O)(c1ccccc1)N1CCN(C2c3ccccc3-c3ccccc32)CC1,intermediate ,390.508,3.7629,0,3,4.699839463
289,CHEMBL3393966,O=C(c1ccncc1)N1CCN(C2c3ccccc3-c3ccccc32)CC1,intermediate ,355.441,3.6094,0,3,5.010105436
290,CHEMBL3393965,O=C(c1cc(F)ccc1F)N1CCN(C2c3ccccc3-c3ccccc32)CC1,intermediate ,390.433,4.4926,0,2,5.804100348
291,CHEMBL3393964,O=C(c1ccccc1F)N1CCN(C2c3ccccc3-c3ccccc32)CC1,intermediate ,372.443,4.3535,0,2,6.442492798
292,CHEMBL3393963,O=C(c1cccc(F)c1)N1CCN(C2c3ccccc3-c3ccccc32)CC1,intermediate ,372.443,4.3535,0,2,6.619788758
293,CHEMBL3393962,Cc1ccccc1C(=O)N1CCN(C2c3ccccc3-c3ccccc32)CC1,intermediate ,368.48,4.52282,0,2,5.222573178
294,CHEMBL3393961,Cc1cccc(C(=O)N2CCN(C3c4ccccc4-c4ccccc43)CC2)c1,intermediate ,368.48,4.52282,0,2,6.602059991
295,CHEMBL3393960,O=C(c1ccc([N+](=O)[O-])cc1)N1CCN(C2c3ccccc3-c3ccccc32)CC1,intermediate ,399.45,4.1226,0,4,4.301029996
296,CHEMBL1223644,O=C(c1ccc(F)cc1)N1CCN(C2c3ccccc3-c3ccccc32)CC1,intermediate ,372.443,4.3535,0,2,6.401209493
297,CHEMBL3393959,O=C(c1ccc(Cl)cc1)N1CCN(C2c3ccccc3-c3ccccc32)CC1,intermediate ,388.898,4.8678,0,2,5.772113295
298,CHEMBL392127,Cc1ccc(C(=O)N2CCN(C3c4ccccc4-c4ccccc43)CC2)cc1,intermediate ,368.48,4.52282,0,2,6.653647026
299,CHEMBL3393958,COc1ccc(C(=O)N2CCN(C3c4ccccc4-c4ccccc43)CC2)cc1,intermediate ,384.479,4.223,0,3,5.537602002
300,CHEMBL240533,O=C(c1ccccc1)N1CCN(C2c3ccccc3-c3ccccc32)CC1,intermediate ,354.453,4.2144,0,2,6.73754891
301,CHEMBL3956359,C/C(CCC(=O)Nc1ccc(F)cc1)=N\NC(=O)c1ccc(-n2cccc2)cc1,intermediate ,392.434,4.141,2,4,5.11407366
302,CHEMBL3983875,O=C(c1ccc2[nH]ccc2c1)N1CCN(C2c3cc(Br)ccc3-c3ccc(Br)cc32)CC1,intermediate ,551.282,6.2207,1,2,6.920818754
303,CHEMBL3986551,O=C(c1ccc2[nH]ccc2c1)N1CCN(C2c3ccccc3-c3cc([N+](=O)[O-])ccc32)CC1,intermediate ,438.487,4.6039,1,4,6.886056648
304,CHEMBL3960902,O=C(c1ccc2[nH]ccc2c1)N1CCN(C2c3ccccc3-c3ccc([N+](=O)[O-])cc32)CC1,intermediate ,438.487,4.6039,1,4,6.920818754
305,CHEMBL216579,O=C(c1ccc2[nH]ccc2c1)N1CCN(C2c3ccccc3-c3ccccc32)CC1,intermediate ,393.49,4.6957,1,2,6.795880017
306,CHEMBL4126901,Fc1ccccc1-c1cc(CNCCc2ccc(Br)cc2)c2cnc3cc(Cl)ccc3n12,intermediate ,508.822,7.0418,1,3,4.318758763
307,CHEMBL4125737,Fc1ccccc1-c1cc(CNCc2ccccc2)c2cnc3cc(Br)ccc3n12,intermediate ,460.35,6.3459,1,3,4.26760624
308,CHEMBL849,Oc1cc(Cl)ccc1Oc1ccc(Cl)cc1Cl,intermediate ,289.545,5.1447,1,2,5
309,CHEMBL4166541,Cc1cc(C)n(Cc2ccc(C(=O)NCc3ccc(F)cc3Cl)cc2)n1,intermediate ,371.843,4.27074,1,3,7.397940009
310,CHEMBL849,Oc1cc(Cl)ccc1Oc1ccc(Cl)cc1Cl,intermediate ,289.545,5.1447,1,2,6
311,CHEMBL405973,Oc1cc(Cc2ccccc2)ccc1Oc1ccc(Cl)cc1Cl,intermediate ,345.225,6.0821,1,2,7.292429824
312,CHEMBL428260,Oc1cc(CC2CCCCC2)ccc1Oc1ccc(Cl)cc1Cl,intermediate ,351.273,6.6141,1,2,6.958607315
313,CHEMBL260061,Oc1cc(CCc2ccccc2)ccc1Oc1ccc(Cl)cc1Cl,intermediate ,359.252,6.2765,1,2,7.677780705
314,CHEMBL3360252,CCCCCCc1ccc(Oc2ccccc2C#N)c(O)c1,intermediate ,295.382,5.17898,1,3,6.627824714
315,CHEMBL4177124,CCCCCCc1ccc(Oc2ccccc2Br)c(O)c1,intermediate ,349.268,6.0698,1,2,8
316,CHEMBL264415,CCCCCCc1ccc(Oc2ccccc2[N+](=O)[O-])c(O)c1,intermediate ,315.369,5.2155,1,4,6.739928612
317,CHEMBL4162007,CCCCCCc1ccc(Oc2ccccc2Cl)c(O)c1,intermediate ,304.817,5.9607,1,2,7.30980392
318,CHEMBL4174518,NC(=O)c1c[n+]([C@@H]2O[C@H](COP(=O)(O)OP(=O)(O)OC[C@H]3O[C@@H](n4cnc5c(N)ncnc54)[C@H](O)[C@@H]3O)[C@@H](O)[C@H]2O)ccc1C(=O)c1ccncc1,intermediate ,769.534,-2.3899,8,19,7.721246399
319,CHEMBL4174518,NC(=O)c1c[n+]([C@@H]2O[C@H](COP(=O)(O)OP(=O)(O)OC[C@H]3O[C@@H](n4cnc5c(N)ncnc54)[C@H](O)[C@@H]3O)[C@@H](O)[C@H]2O)ccc1C(=O)c1ccncc1,intermediate ,769.534,-2.3899,8,19,6.490797478
320,CHEMBL4174518,NC(=O)c1c[n+]([C@@H]2O[C@H](COP(=O)(O)OP(=O)(O)OC[C@H]3O[C@@H](n4cnc5c(N)ncnc54)[C@H](O)[C@@H]3O)[C@@H](O)[C@H]2O)ccc1C(=O)c1ccncc1,intermediate ,769.534,-2.3899,8,19,6.490797478
321,CHEMBL1236225,CCCCCCc1ccc(Oc2ccccc2C)c(O)c1,intermediate ,284.399,5.61572,1,2,7.294992041
322,CHEMBL1236225,CCCCCCc1ccc(Oc2ccccc2C)c(O)c1,intermediate ,284.399,5.61572,1,2,6.229147988
323,CHEMBL3597020,CC1(C)CCC(Cc2cc(O)c(-c3ccccc3)c(=O)[nH]2)CC1,intermediate ,311.425,4.5064,2,2,6.244125144
324,CHEMBL216579,O=C(c1ccc2[nH]ccc2c1)N1CCN(C2c3ccccc3-c3ccccc32)CC1,intermediate ,393.49,4.6957,1,2,6.795880017
325,CHEMBL217926,O=C(Nc1ccccc1)C1CC(=O)N(C2CCCCC2)C1,intermediate ,286.375,2.8063,1,2,4.972242795
326,CHEMBL385214,O=C(Nc1cccc(Br)c1)C1CC(=O)N(C2CCCCC2)C1,intermediate ,365.271,3.5688,1,2,6.050609993
327,CHEMBL216807,O=C(Nc1cc(Cl)cc(Cl)c1)C1CC(=O)N(C2CCCCC2)C1,intermediate ,355.265,4.1131,1,2,6.408935393
328,CHEMBL425259,Cc1ccc(Cl)cc1NC(=O)C1CC(=O)N(C2CCCCC2)C1,intermediate ,334.847,3.76812,1,2,6.013228266
329,CHEMBL444361,Cc1c(Cl)cccc1NC(=O)C1CC(=O)N(C2CCCCC2)C1,intermediate ,334.847,3.76812,1,2,4.63638802
330,CHEMBL3088173,Cc1csc(C(C)(O)c2nnc(Nc3ccn(Cc4c(F)cccc4F)n3)s2)n1,intermediate ,434.497,3.82542,2,9,8.522878745
331,CHEMBL4174928,Cc1csc(C(C)(O)c2n[nH]/c(=N\C(=O)c3c(F)cccc3F)s2)n1,intermediate ,382.417,2.51122,2,6,6.698970004
332,CHEMBL4167661,CNC(=O)CN1CCN(C(=O)[C@H]2CC[C@@H](NC(=O)Cc3sc4ccccc4c3C)CC2)[C@@H](Cc2ccccc2)C1=O,intermediate ,574.747,3.45532,2,5,7.187086643
333,CHEMBL4176028,CNC(=O)CN(Cc1ccc(F)cc1)C(=O)[C@H]1CC[C@@H](NC(=O)Cc2sc3ccccc3c2C)CC1,intermediate ,509.647,4.34112,2,4,6.22184875
334,CHEMBL4163172,CNC(=O)c1cnc(NC2CCN(c3ccccn3)CC2)c(NCc2ccc(F)c(Oc3ccccc3)c2)c1,intermediate ,526.616,5.4606,3,7,6.527243551
335,CHEMBL4163218,CNC(=O)CN(C(=O)Cc1ccc(-n2cccn2)cc1)C1CCN(c2ccccn2)CC1,intermediate ,432.528,2.0534,1,6,5.229147988
336,CHEMBL4167466,CNC(=O)[C@@H]1C[C@H](NC(=O)[C@@H](NC(=O)c2ccc(Cn3cccn3)cc2)[C@@H](C)OC(C)(C)C)CN1C(=O)c1ccccc1,intermediate ,588.709,2.3789,3,7,4.920818754
337,CHEMBL3742313,O=c1[nH]c(CC2CCCCC2)cc(O)c1-c1ccccc1,intermediate ,283.371,3.8703,2,2,6.229147988
338,CHEMBL2323585,CC/C(C)=C1\OC(=O)[C@H](C)[C@H](O)[C@H](Cc2cccnc2)NC(=O)[C@@H](NC(=O)c2ncccc2O)[C@@H](C)OC1=O,intermediate ,540.573,1.1776,4,10,5.46470588
339,CHEMBL2323583,CC(C)[C@H]1OC(=O)[C@H](C)[C@H](O)[C@H](Cc2cccnc2)NC(=O)[C@@H](NC(=O)c2ncccc2O)[C@@H](C)OC1=O,intermediate ,528.562,0.5182,4,10,4.484126156
340,CHEMBL4454539,CC[C@H]1OC(=O)[C@H](C)[C@H](O)[C@H](Cc2cccnc2)NC(=O)[C@@H](NC(=O)c2ncccc2O)[C@@H](C)OC1=O,intermediate ,514.535,0.2722,4,10,3.896196279
341,CHEMBL4564729,C[C@H]1OC(=O)[C@@H](C2CCCCC2)OC(=O)[C@H](C)[C@H](O)[C@H](Cc2cccnc2)NC(=O)[C@H]1NC(=O)c1ncccc1O,intermediate ,568.627,1.4425,4,10,4.954677021
342,CHEMBL4548115,CC[C@@H](C)[C@H]1OC(=O)[C@H](C)[C@H](O)[C@H](Cc2cccnc2)NC(=O)[C@@H](NC(=O)c2ncccc2O)[C@@H](C)OC1=O,intermediate ,542.589,0.9083,4,10,4.501689446
343,CHEMBL4575301,CC[C@H](C)[C@H]1OC(=O)[C@H](C)[C@H](O)[C@H](Cc2cccnc2)NC(=O)[C@@H](NC(=O)c2ncccc2O)[C@@H](C)OC1=O,intermediate ,542.589,0.9083,4,10,4.059483515
344,CHEMBL4565976,C[C@H]1OC(=O)[C@@H](Cc2ccccc2)OC(=O)[C@H](C)[C@H](O)[C@H](Cc2cccnc2)NC(=O)[C@H]1NC(=O)c1ncccc1O,intermediate ,576.606,1.1049,4,10,4.535808629
345,CHEMBL4557187,C[C@@H]1C(=O)N[C@H](C2CCCCC2)C(=O)O[C@H](C)[C@H](NC(=O)c2ncccc2O)C(=O)N[C@@H](Cc2cccnc2)[C@@H]1O,intermediate ,567.643,1.0155,5,9,3.536107011
346,CHEMBL4445442,Cn1c2ccccc2c2cc(/C=C3\SC(=S)N(c4ccc(C(=O)O)cc4)C3=O)ccc21,intermediate ,444.537,5.4355,1,5,5.549750892
347,CHEMBL4473331,NCc1ccc(NS(=O)(=O)/C=C/c2cccc(C(F)(F)F)c2)cc1,intermediate ,356.369,3.5767,2,3,5.045757491
348,CHEMBL4444080,NCc1cccc(NS(=O)(=O)/C=C/c2cccc(C(F)(F)F)c2)c1,intermediate ,356.369,3.5767,2,3,5.397940009
349,CHEMBL4435863,Cc1c(S(=O)(=O)Nc2cccc(CN)c2)sc2ccc(Cl)cc12,intermediate ,366.895,4.12262,2,4,6.508638306
350,CHEMBL4591748,Cc1c(S(=O)(=O)Nc2cccc(CN)c2)sc2ccc(F)cc12,intermediate ,350.44,3.60832,2,4,6.602059991
351,CHEMBL4439827,NCc1cccc(NS(=O)(=O)c2cc3ccccc3s2)c1,intermediate ,318.423,3.1608,2,4,5.22184875
352,CHEMBL4541593,NCc1cccc(NS(=O)(=O)c2cc3ccccc3o2)c1,intermediate ,302.355,2.6923,2,4,4.657577319
353,CHEMBL2387748,O=C(O)/C=C/c1cccc(C(F)(F)F)c1,intermediate ,216.158,2.8032,1,1,3
354,CHEMBL64,NNC(=O)c1ccncc1,intermediate ,137.142,-0.3149,2,3,5.081445469
355,CHEMBL56337,CC(/C=C1\SC(=S)N(CC(=O)O)C1=O)=C\c1ccccc1,intermediate ,319.407,2.9187,1,4,3.698970004
356,CHEMBL849,Oc1cc(Cl)ccc1Oc1ccc(Cl)cc1Cl,intermediate ,289.545,5.1447,1,2,5.211831629
357,CHEMBL4579264,COc1ccc(C(=O)CN2C(=O)/C(=C\c3cc(OC)c(OC)c(OC)c3)SC2=S)cc1,intermediate ,459.545,3.8051,0,8,5.59345982
358,CHEMBL4517154,COc1ccc(C(=O)CN2C(=O)/C(=C\c3ccccc3OC)SC2=S)cc1,intermediate ,399.493,3.7879,0,6,4.774690718
359,CHEMBL4573708,COc1ccc(C(=O)CN2C(=O)/C(=C\c3cccc(Cl)c3)SC2=S)cc1,intermediate ,403.912,4.4327,0,5,5.105683937
360,CHEMBL4553751,COc1ccc(C(=O)CN2C(=O)/C(=C\c3ccccc3Cl)SC2=S)cc1,intermediate ,403.912,4.4327,0,5,4.815308569
361,CHEMBL4586001,COc1ccc(C(=O)CN2C(=O)/C(=C\c3ccc(C)cc3)SC2=S)cc1,intermediate ,383.494,4.08772,0,5,5.299296283
362,CHEMBL4555877,COc1ccc(C(=O)CN2C(=O)/C(=C\c3ccc(Br)cc3)SC2=S)cc1,intermediate ,448.363,4.5418,0,5,4.91721463
363,CHEMBL4588928,COc1ccc(C(=O)CN2C(=O)/C(=C\c3ccc(Cl)cc3)SC2=S)cc1,intermediate ,403.912,4.4327,0,5,4.782516056
364,CHEMBL4568422,COc1ccc(C(=O)CN2C(=O)/C(=C\c3ccc(F)cc3)SC2=S)cc1,intermediate ,387.457,3.9184,0,5,4.696803943
365,CHEMBL4552935,COc1cc(/C=C2/SC(=S)N(CC(=O)c3ccccc3)C2=O)cc(OC)c1OC,intermediate ,429.519,3.7965,0,7,5.505845406
366,CHEMBL4569601,COc1cccc(/C=C2/SC(=S)N(CC(=O)c3ccccc3)C2=O)c1,intermediate ,369.467,3.7793,0,5,4.645891561
367,CHEMBL4521503,COc1ccccc1/C=C1/SC(=S)N(CC(=O)c2ccccc2)C1=O,intermediate ,369.467,3.7793,0,5,4.55129368
368,CHEMBL4564066,O=C(CN1C(=O)/C(=C\c2cccc(Cl)c2)SC1=S)c1ccccc1,intermediate ,373.886,4.4241,0,4,4.325138859
369,CHEMBL4557146,O=C(CN1C(=O)/C(=C\c2ccccc2Cl)SC1=S)c1ccccc1,intermediate ,373.886,4.4241,0,4,4.588380294
370,CHEMBL4524771,CC(=O)Nc1ccc(/C=C2/SC(=S)N(CC(=O)c3ccccc3)C2=O)cc1,intermediate ,396.493,3.7291,1,5,4.935542011
371,CHEMBL4564531,CN(C)c1ccc(/C=C2/SC(=S)N(CC(=O)c3ccccc3)C2=O)cc1,intermediate ,382.51,3.8367,0,5,4.759450752
372,CHEMBL4555906,O=C(CN1C(=O)/C(=C\c2ccc(O)cc2)SC1=S)c1ccccc1,intermediate ,355.44,3.4763,1,5,4.452225295
373,CHEMBL4548258,O=C(CN1C(=O)/C(=C\c2ccc([N+](=O)[O-])cc2)SC1=S)c1ccccc1,intermediate ,384.438,3.6789,0,6,4.361510743
374,CHEMBL4552155,COc1ccc(/C=C2/SC(=S)N(CC(=O)c3ccccc3)C2=O)cc1,intermediate ,369.467,3.7793,0,5,5.084072788
375,CHEMBL4570532,Cc1ccc(/C=C2/SC(=S)N(CC(=O)c3ccccc3)C2=O)cc1,intermediate ,353.468,4.07912,0,4,4.756961951
376,CHEMBL4552239,O=C(CN1C(=O)/C(=C\c2ccc(Br)cc2)SC1=S)c1ccccc1,intermediate ,418.337,4.5332,0,4,4.621602099
377,CHEMBL4543078,O=C(CN1C(=O)/C(=C\c2ccc(Cl)cc2)SC1=S)c1ccccc1,intermediate ,373.886,4.4241,0,4,4.300162274
378,CHEMBL4541469,O=C(CN1C(=O)/C(=C\c2ccc(F)cc2)SC1=S)c1ccccc1,intermediate ,357.431,3.9098,0,4,4.259637311
379,CHEMBL4545197,O=C(CN1C(=O)/C(=C\c2ccccc2)SC1=S)c1ccccc1,intermediate ,339.441,3.7707,0,4,4.395773947
